created_at,hashtags,media,favorite_count,id,retweet_count,text,user_screen_name,user_name
Sat May 02 23:00:48 +0000 2015,NewRigor,,0,594637692220084224,0,"In the sciences, both new discoveries and the development and creative use of technology are valued. Why not in the humanities? #NewRigor",EduObservatory,Andy Anderson
Sat May 02 19:54:50 +0000 2015,5cdh newrigor,http://twitter.com/EcstaticPesse/status/594590894067691521/photo/1,1,594590894067691521,1,#5cdh #newrigor http://t.co/oeWXjvpzEq,EcstaticPesse,Ecstatic Pessimist
Sat May 02 19:32:35 +0000 2015,NewRigor,,0,594585295271497728,2,"Thanks @5collDH @amplify285 for facilitating a great #NewRigor conversation. Necessary, tough ideas brought up today!",ByzCapp,Byzantine Cappadocia
Sat May 02 19:30:06 +0000 2015,NewRigor 5collDH,,0,594584667715670018,1,"@byzcapp ""that is why God made Borbon"" says @amplify285 #NewRigor #5collDH",Pompeiana79,Eric Poehler
Sat May 02 19:28:52 +0000 2015,NewRigor,,2,594584356699512832,0,#NewRigor My questions are large and existential!,ByzCapp,Byzantine Cappadocia
Sat May 02 19:20:21 +0000 2015,newrigor 5cdh,,0,594582214391783424,0,"""How do we get our non-DH peers to understand what we do?"" - @Pompeiana79 #newrigor #5cdh",sheishistoric,Emily Esten
Sat May 02 19:09:59 +0000 2015,NewRigor 5collDH,http://twitter.com/Pompeiana79/status/594579605664702466/photo/1,1,594579605664702466,0,"@Pompeiana79 or like this:

#NewRigor #5collDH http://t.co/bD9zj4BU0c",Pompeiana79,Eric Poehler
Sat May 02 19:02:03 +0000 2015,NewRigor 5collDH,http://twitter.com/Pompeiana79/status/594577609704480769/photo/1,2,594577609704480769,2,"@pompeiana79 Not like this:

#NewRigor #5collDH http://t.co/aCjflJ7TpV",Pompeiana79,Eric Poehler
Sat May 02 19:01:25 +0000 2015,NewRigor 5collDH,http://twitter.com/Pompeiana79/status/594577451193360385/photo/1,2,594577451193360385,1,"The filter for DH evaluations, at all levels, needs to look like this: 

#NewRigor #5collDH http://t.co/1zJ1yVoqtX",Pompeiana79,Eric Poehler
Sat May 02 18:59:49 +0000 2015,newrigor blue,,0,594577046656942080,1,#newrigor #blue Should there be a firm separation of Assessment + Analytics when evaluating + supporting young scholars? ... data vs doing?,mariinyrop,marii nyröp
Sat May 02 18:48:56 +0000 2015,LAWDI NewRigor,,1,594574306623037440,1,@Pompeiana79 It's a #LAWDI and #NewRigor crossover episode!,ByzCapp,Byzantine Cappadocia
Sat May 02 18:44:30 +0000 2015,NewRigor,,0,594573194402607105,1,Great to see @Pompeiana79 @coppergiloth and @jonberndtolsen at #NewRigor @5collDH,umassdhi,UMass DHI
Sat May 02 18:42:42 +0000 2015,NewRigor,,0,594572739727482881,1,hey @ByzCapp we see you here in the #NewRigor room!! Welcome!,Pompeiana79,Eric Poehler
Sat May 02 18:37:41 +0000 2015,newrigor,,0,594571476101165056,2,Great first round of talks at #newrigor @5colldh,umassdhi,UMass DHI
Sat May 02 18:36:49 +0000 2015,NewRigor,,0,594571258768982020,2,"New models of scholarship: move from scholar to scholarship as shop house, w/multiple lateral collaborators, post-""support staff"" #NewRigor",jdrabinski,John E. Drabinski
Sat May 02 18:20:30 +0000 2015,gnurigor NewRigor,http://twitter.com/jeffreymoro/status/594567151169712129/photo/1,1,594567151169712129,2,#gnurigor #NewRigor http://t.co/USEBIJ8imE,jeffreymoro,Jeffrey Moro
Sat May 02 17:50:16 +0000 2015,NewRigor,http://twitter.com/jdrabinski/status/594559542748434432/photo/1,0,594559542748434432,3,Lunch break at #NewRigor conference with @5collDH folks http://t.co/HPC0ikkkgA,jdrabinski,John E. Drabinski
Sat May 02 17:30:00 +0000 2015,newrigor 5cdh,http://twitter.com/EcstaticPesse/status/594554443733032960/video/1,1,594554443733032960,1,My small hand makes the perfect coffee stirrer #newrigor #5cdh http://t.co/qAfO4uYDg3,EcstaticPesse,Ecstatic Pessimist
Sat May 02 17:23:48 +0000 2015,DH NewRigor green,,2,594552882218835968,2,@Pompeiana79 one answer might be to build parts of your #DH project as viable on their own Each a minimally viable product. #NewRigor #green,Pompeiana79,Eric Poehler
Sat May 02 17:23:33 +0000 2015,AltAcs newrigor,,1,594552823343403008,1,"@Pompeiana79 and #AltAcs the ""suicide squad""? #newrigor",ekansa,Eric Kansa
Sat May 02 17:22:02 +0000 2015,newrigor green,,0,594552437987516416,1,"High-Risk/High-Reward push by funders 4 projects makes pre-tenure faculty into gamblers. So, how to we evaluate ""failure""? #newrigor #green",Pompeiana79,Eric Poehler
Sat May 02 17:21:49 +0000 2015,newrigor,,1,594552385957138432,1,"Wishing I could attend #newrigor in person, but following along from the tweets is good too. Thanks to those livetweeting.",cliotropic,Shane Landrum
Sat May 02 17:21:42 +0000 2015,purple newrigor,,0,594552355036729344,1,"#purple #newrigor talking models for valuing iterations. Lang of again, articulating how different practices can become values, if we push",amplify285,Marisa Parham
Sat May 02 17:21:19 +0000 2015,BitterStaff orange newrigor,,0,594552258278400000,0,"“How is participation in a scholarly project assessed and evaluated?”
Not. New meme: #BitterStaff (except with a union!)
#orange #newrigor",EduObservatory,Andy Anderson
Sat May 02 17:20:07 +0000 2015,orange newrigor,,1,594551955156029440,0,varied landscape in assessment for staff in scholarly work - #orange #newrigor @5collDH,SmithGIS,GIS @ Smith College
Sat May 02 17:19:19 +0000 2015,orange newrigor,,0,594551756627058691,1,"“How is participation in a scholarly project assessed and evaluated?”
Theoretically merit pay ⇑, mostly pats on the back. 
#orange #newrigor",EduObservatory,Andy Anderson
Sat May 02 17:19:18 +0000 2015,red newrigor,,0,594551751505772544,1,#red: the way we talk about a project is very different than the project itself  #newrigor,sheishistoric,Emily Esten
Sat May 02 17:19:10 +0000 2015,blue NewRigor,,0,594551716709793794,1,suggesting metrics (i.e. Google Analytics) for participation tracking. how do diff b/t actual involvement &amp; self promotion? #blue #NewRigor,_superluminal,liz alexander
Sat May 02 17:17:10 +0000 2015,orange newrigor,,1,594551214194499585,1,"“Evaluation &amp; assessment different for principal investigators”
Parallel life — what we’re asked to do and actually do.
#orange #newrigor",EduObservatory,Andy Anderson
Sat May 02 17:17:03 +0000 2015,newrigor green,,1,594551184565862401,2,'data' as a vocabulary not nec. native to humanities training; atomization of elements of research is not always intuitive #newrigor #green,Pompeiana79,Eric Poehler
Sat May 02 17:15:54 +0000 2015,newrigor purple,,1,594550897847439361,1,"#newrigor #purple talking @ the language of our concerns. So many things, realizing we need new words, new categories, attached to values",amplify285,Marisa Parham
Sat May 02 17:14:59 +0000 2015,newrigor red,,0,594550663922585601,1,#newrigor #red Digital humanities is more about using digital research and practice methodologies instead of it being about the medium,EcstaticPesse,Ecstatic Pessimist
Sat May 02 17:14:03 +0000 2015,blue newrigor,,0,594550431952609281,1,uncooperative internet means I'm alternately live tweeting the #blue group discussion from the video stream and the Google Doc! #newrigor,_superluminal,liz alexander
Sat May 02 17:12:55 +0000 2015,orange newrigor,,0,594550144353345538,1,"“What is the difference between collaboration and support?”
Could also include producing or procuring funding.
#orange #newrigor",EduObservatory,Andy Anderson
Sat May 02 17:12:17 +0000 2015,collaboration orange newrigor,,0,594549986169397248,0,Defining TRUE #collaboration @5collDH #orange #newrigor vs. support,SmithGIS,GIS @ Smith College
Sat May 02 17:12:05 +0000 2015,blue newrigor,,0,594549933962825728,1,thinking about peer review as a possible mode for DH work evaluation #blue #newrigor,_superluminal,liz alexander
Sat May 02 17:11:44 +0000 2015,orange newrigor,,1,594549849506357248,2,"“What is the difference between collaboration and support?”
Involved from the beginning: design, implement, review.
#orange #newrigor",EduObservatory,Andy Anderson
Sat May 02 17:09:58 +0000 2015,newrigor purple,,1,594549404054462464,1,"#newrigor #purple working thru the ? of how to articulate the value of failure in a humanities environment: “u don’t get points for trying""",amplify285,Marisa Parham
Sat May 02 17:09:51 +0000 2015,orange newrigor,,0,594549374224572416,1,"“Structures for staff member’s own intellectual work?”
Prof. dev. support better in IT than in libraries — usually. MHC?
#orange #newrigor",EduObservatory,Andy Anderson
Sat May 02 17:09:40 +0000 2015,value orange newrigor,,0,594549327420387328,1,"#value is not in question for participating in scholarship, but what are the rewards? #orange #newrigor @5collDH",SmithGIS,GIS @ Smith College
Sat May 02 17:08:41 +0000 2015,blue newrigor,,0,594549078375149568,1,cornett: how do we fairly evaluate inherently collaborative work? #blue #newrigor,_superluminal,liz alexander
Sat May 02 17:06:50 +0000 2015,blue newrigor,,0,594548613684076544,1,big questions: what are the ethics of assuming shared knowledge/paradigms? #blue #newrigor,_superluminal,liz alexander
Sat May 02 17:06:05 +0000 2015,blue newrigor,,0,594548425703694336,1,how can we evaluate DH w/o a basic understanding of/relationships with tech platforms? #blue #newrigor,_superluminal,liz alexander
Sat May 02 17:05:08 +0000 2015,red newrigor,,0,594548186691334144,1,#red: do these project types even encompass what the student symposium projects do &amp; present? #newrigor,sheishistoric,Emily Esten
Sat May 02 17:04:49 +0000 2015,orange newrigor,,0,594548107410571265,1,"“What kinds of structures would help staff member’s own intellectual work emerge?”
Professional development support varies
#orange #newrigor",EduObservatory,Andy Anderson
Sat May 02 17:04:33 +0000 2015,blue NewRigor,,1,594548041497112578,1,the beautiful thing about DH working groups: finding alternative communication methods when tech goes wrong #blue #NewRigor,_superluminal,liz alexander
Sat May 02 17:04:06 +0000 2015,staff newrigor,,0,594547927575633920,0,can there be a #staff pool to draw on where we attend academic conferences? #newrigor @5collDH,SmithGIS,GIS @ Smith College
Sat May 02 17:03:53 +0000 2015,purple newrigor,,0,594547870763765762,1,.@5CollDH #purple #newrigor taking up the ? of what ‘high risk’ means &amp; wondering how tied old model of demonstrating “unique-ness”,amplify285,Marisa Parham
Sat May 02 17:03:10 +0000 2015,GIS newrigor,,1,594547693097189377,1,Note - taking break from normal #GIS tweets to address questions at #newrigor @5collDH,SmithGIS,GIS @ Smith College
Sat May 02 17:03:04 +0000 2015,red newrigor,,0,594547665901334529,1,"#red group dives into a discussion of the ""high risk/high reward"" model and our experience as undergraduates #newrigor",sheishistoric,Emily Esten
Sat May 02 17:02:47 +0000 2015,newrigor red,,1,594547594396717056,1,#newrigor #red Talking about excessive focus on social entrepreneurship  and money making aspects of digital technology in academia,EcstaticPesse,Ecstatic Pessimist
Sat May 02 17:02:32 +0000 2015,orange newrigor,,0,594547530517630977,0,"“Evaluation &amp; assessment different for principal investigators”
UMass library different, national reputation ⇒ promotion.
#orange #newrigor",EduObservatory,Andy Anderson
Sat May 02 17:01:59 +0000 2015,blue NewRigor,,1,594547395800727553,1,what is twitter and how can academics best utilize it personally and professionally? #blue #NewRigor,_superluminal,liz alexander
Sat May 02 17:01:35 +0000 2015,newrigor purple,,1,594547295133245440,0,"#newrigor #purple tenure group &amp; we’re talking ab collaboration &amp; articulating how projs aren’t possible w/o staff, student, &amp; other collabs",amplify285,Marisa Parham
Sat May 02 17:00:30 +0000 2015,orange newrigor,,0,594547020192419842,2,"“How are questions of evaluation &amp; assessment different for principal investigators”
No major acks for scholarly work!
#orange #newrigor",EduObservatory,Andy Anderson
Sat May 02 16:59:24 +0000 2015,NewRigor blue,,0,594546743129309184,2,"#NewRigor #blue group: me, @mariinyrop @ByzCapp @Yael_Rice, and others! starting out immediately with a discussion of documentation",_superluminal,liz alexander
Sat May 02 16:55:02 +0000 2015,orange newrigor staff,,0,594545642757849088,0,@5collDH #orange #newrigor #staff beginning to answer question of evaluation / assessment as principal investigators,SmithGIS,GIS @ Smith College
Sat May 02 16:53:13 +0000 2015,blue NewRigor,,1,594545189156433920,1,hi #blue group!!!! #NewRigor @5collDH,_superluminal,liz alexander
Sat May 02 16:53:11 +0000 2015,newrigor Orange,,0,594545180684001281,1,Conversations on professional evaluation of digital humanities beginning now at the #newrigor. #Orange group a mix of techs and librarians.,EduObservatory,Andy Anderson
Sat May 02 16:49:39 +0000 2015,orange newrigor,,1,594544287968317440,0,exciting #orange group is forming at #newrigor @5collDH,SmithGIS,GIS @ Smith College
Sat May 02 16:47:20 +0000 2015,newrigor,http://twitter.com/EcstaticPesse/status/594543707640229889/photo/1,0,594543707640229889,2,I'm not sure if my new hand is going to let me tweet for #newrigor I need a smaller keyboard @5collDH http://t.co/QGGTV8oDQT,EcstaticPesse,Ecstatic Pessimist
Sat May 02 16:42:52 +0000 2015,newrigor,,0,594542583545733120,1,"@amplify285 kicks off the @5collDH #newrigor conference. ""What is *actually* helpful?""",kgbain,Kimberly Bain
Sat May 02 16:38:10 +0000 2015,5cdh newrigor,,0,594541401532198912,0,"Great time at the undergrad #5cdh symposium, extremely excited to meet some minds at #newrigor",EcstaticPesse,Ecstatic Pessimist
Sat May 02 16:30:52 +0000 2015,DHfuel NewRigor,,1,594539563667824640,0,Pocky sticks as #DHfuel at #NewRigor. I like it!,ByzCapp,Byzantine Cappadocia
Sat May 02 16:27:22 +0000 2015,newrigor,,0,594538681916071937,0,Getting ready to start at the #newrigor @umassph,jonberndtolsen,Jon Berndt Olsen
Sat May 02 16:05:10 +0000 2015,5cdh newrigor,,0,594533096134995970,0,"@Pompeiana79 this implications of this question are terrifying! But based on the presentation, I'm leaning towards yes. #5cdh #newrigor",sheishistoric,Emily Esten
Sat May 02 16:03:58 +0000 2015,NewRigor,http://twitter.com/_superluminal/status/594532793557884928/photo/1,1,594532793557884928,1,Skyping in to the #NewRigor with @5collDH !! Talking new modes of DH scholarship evaluation http://t.co/y0WH4gN1je,_superluminal,liz alexander
Sat May 02 15:53:28 +0000 2015,5cdh newrigor,,1,594530152404647936,0,"@sheishistoric so, now I must ask, has the internet made 'the absurd', absurd? #5cdh #newrigor",Pompeiana79,Eric Poehler
Sat May 02 15:49:45 +0000 2015,5cdh newrigor,,0,594529213769785344,0,Cade Johnson's mention of Tumblr culture &amp; humor and using that to connect the absurdity and seriousness in her research #5cdh #newrigor,sheishistoric,Emily Esten
Sat May 02 15:44:37 +0000 2015,NewRigor,,2,594527924713345024,1,"#NewRigor students show DH as a:
performance space
representational space
methodological platform
genre
source of freedom
means of control",Pompeiana79,Eric Poehler
Sat May 02 15:35:58 +0000 2015,NewRigor,,0,594525748469202945,0,"@5collDH Hi, will the only #NewRigor Skype session be at 12:15-1 pm, or is there a second session for online participants?",ByzCapp,Byzantine Cappadocia
Sat May 02 15:28:29 +0000 2015,5cdh NewRigor,http://twitter.com/jeffreymoro/status/594523862051725312/photo/1,1,594523862051725312,1,Panel picture! @5collDH #5cdh #NewRigor http://t.co/5UwDvEV0Ar,jeffreymoro,Jeffrey Moro
Sat May 02 15:28:02 +0000 2015,NewRigor 5cdh,,0,594523749103345664,1,Panel time! @5collDH #NewRigor #5cdh,jeffreymoro,Jeffrey Moro
Sat May 02 15:25:41 +0000 2015,5cdh newrigor,http://twitter.com/jeffreymoro/status/594523158604075008/photo/1,0,594523158604075008,1,More of @EcstaticPesse's sketches @5collDH #5cdh #newrigor http://t.co/pQW8cHZO5X,jeffreymoro,Jeffrey Moro
Sat May 02 15:24:23 +0000 2015,roboticsculpture 5cdh newrigor,http://twitter.com/Yael_Rice/status/594522830051614721/photo/1,1,594522830051614721,0,@ecstaticpesse's sketch for a cellphone case made from squirrel roadkill #roboticsculpture @5collDH #5cdh #newrigor http://t.co/9BTfyuQYNQ,Yael_Rice,Yael Rice
Sat May 02 15:23:37 +0000 2015,NewRigor digitalhumanities 5cdh,,2,594522640330727425,1,These robots are just amazing. #NewRigor #digitalhumanities #5cdh @EcstaticPesse  https://t.co/ozWsEEKe1Y,amplify285,Marisa Parham
Sat May 02 15:23:06 +0000 2015,5cdh newrigor,,0,594522507580846080,0,"""The Dangler"" sounds a lot like @NightValeRadio's Whispering Forest. #5cdh #newrigor @EcstaticPesse",sheishistoric,Emily Esten
Sat May 02 15:20:04 +0000 2015,5cdh newrigor,,1,594521745719226368,2,.@EcstaticPesse's website: http://t.co/tJ2VSPjbnu @5collDH #5cdh #newrigor,jeffreymoro,Jeffrey Moro
Sat May 02 15:18:46 +0000 2015,NewRigor 5cDH,http://twitter.com/jeffreymoro/status/594521420081729536/photo/1,0,594521420081729536,3,.@EcstaticPesse's research goals for the @5collDH fellowship. #NewRigor #5cDH http://t.co/cSZwgEVloV,jeffreymoro,Jeffrey Moro
Sat May 02 15:18:16 +0000 2015,5cdh newrigor,,0,594521294340825088,3,.@EcstaticPesse's first project was http://t.co/gZKc2qXaZa @5collDH #5cdh #newrigor,jeffreymoro,Jeffrey Moro
Sat May 02 15:17:37 +0000 2015,NewRigor 5cDH,,0,594521128183422976,2,.@EcstaticPesse wanting to use computational sculptures that address how technology restricts and controls bodies. @5collDH #NewRigor #5cDH,jeffreymoro,Jeffrey Moro
Sat May 02 15:16:32 +0000 2015,5cdh NewRigor,,0,594520857424306176,2,"Finally, @EcstaticPesse with ""Digital Technology as a Force of Despair Which Poses as a Force of Hope."" @5collDH #5cdh #NewRigor",jeffreymoro,Jeffrey Moro
Sat May 02 15:15:24 +0000 2015,5cdh newrigor,,3,594520570546495488,2,"This title is curious: Wouter Schievnik's ""Digital Technology as a Force of Despair Which Poses as a Force of Hope"" #5cdh #newrigor",sheishistoric,Emily Esten
Sat May 02 15:15:20 +0000 2015,5cdh NewRigor,,0,594520556466216960,1,"Van Roggen: ""Data doesn't have narrative by itself, you have to find it."" @5collDH #5cdh #NewRigor",jeffreymoro,Jeffrey Moro
Sat May 02 15:15:11 +0000 2015,NewRigor 5cDH,,1,594520514753859584,0,"Van Roggen thinking @ what it means to be excited by what you find, w or w/o the narrative that fits it all together. #NewRigor #5cDH",5collDH,Five College DH
Sat May 02 15:10:24 +0000 2015,5cdh newrigor,http://twitter.com/Yael_Rice/status/594519311504531456/photo/1,2,594519311504531456,3,Juliana van Roggen uses ArcGIS to map molten iron deposits in the streets of Pompeii @5collDH #5cdh #newrigor http://t.co/s0dVLGPsdC,Yael_Rice,Yael Rice
Sat May 02 15:10:02 +0000 2015,newrigor 5cdh,,1,594519220756545536,3,"(This might be giving it away, but you can see Van Roggen's maps at http://t.co/GqXknfOxJe!) @5collDH #newrigor #5cdh",jeffreymoro,Jeffrey Moro
Sat May 02 15:09:08 +0000 2015,NewRigor,http://twitter.com/jeffreymoro/status/594518993651785729/photo/1,0,594518993651785729,3,"More of Van Roggen's maps, revealing patterns and clusters of iron deposits in Pompeii streets. @5collDH #NewRigor http://t.co/hbwd2YtIg6",jeffreymoro,Jeffrey Moro
Sat May 02 15:08:57 +0000 2015,NewRigor,,2,594518949422899200,0,"@jeffreymoro @5collDH On the other hand, I want those sounds on my phone to listen to when I write in the early AM. #NewRigor",Pompeiana79,Eric Poehler
Sat May 02 15:08:19 +0000 2015,5cdh newrigor,http://twitter.com/jeffreymoro/status/594518789900922880/photo/1,0,594518789900922880,1,Van Roggen: How to make sense of archaeological data through the use of maps? #5cdh @5collDH #newrigor http://t.co/acrSoBYspL,jeffreymoro,Jeffrey Moro
Sat May 02 15:06:23 +0000 2015,5cdh newrigor,http://twitter.com/jeffreymoro/status/594518300077481984/photo/1,0,594518300077481984,2,"Next up, Juliana van Roggen from @UMassAmherst on ""The Iron Streets of Pompeii"" #5cdh #newrigor @5collDH http://t.co/dhopVhOgHb",jeffreymoro,Jeffrey Moro
Sat May 02 15:05:50 +0000 2015,5cdh NewRigor,,0,594518165440307200,1,Juliana van Roegen tackles the disconnection between archaeologists and the public. #5cdh #NewRigor,sheishistoric,Emily Esten
Sat May 02 15:03:21 +0000 2015,5cdh newrigor,http://twitter.com/jeffreymoro/status/594517537414602752/video/1,1,594517537414602752,1,Wang lets the sounds percolate until the start to drone. #5cdh @5collDH #newrigor http://t.co/WOgpnQqgwe,jeffreymoro,Jeffrey Moro
Sat May 02 15:01:22 +0000 2015,5cdh newrigor,http://twitter.com/jeffreymoro/status/594517041723244544/video/1,0,594517041723244544,2,Wang now walking us through the overdubbing process. #5cdh @5collDH #newrigor http://t.co/Vy10wlUQHk,jeffreymoro,Jeffrey Moro
Sat May 02 15:00:24 +0000 2015,newrigor 5cdh,http://twitter.com/jeffreymoro/status/594516796327272448/video/1,1,594516796327272448,0,Can you hear Wang's piece in this video? @5collDH #newrigor #5cdh http://t.co/v7NpTdhrGi,jeffreymoro,Jeffrey Moro
Sat May 02 14:58:02 +0000 2015,5cdh newrigor,,1,594516199309975552,1,"Wang: appreciating noise for its ""entire sensory quality"" rather than aesthetic or cultural significations. @5collDH #5cdh #newrigor",jeffreymoro,Jeffrey Moro
Sat May 02 14:56:38 +0000 2015,newrigor 5cdh,http://twitter.com/jeffreymoro/status/594515846933929984/photo/1,0,594515846933929984,2,"Wang: for his practice, loop pedals take the place of tape loops. @5collDH #newrigor #5cdh http://t.co/YJJnhvY0Ma",jeffreymoro,Jeffrey Moro
Sat May 02 14:56:05 +0000 2015,newrigor,http://twitter.com/jeffreymoro/status/594515708219916288/photo/1,0,594515708219916288,1,"Wang also taking cues from Brian Eno's nontraditional visual scores like for ""Music for Airports"" @5collDH #newrigor http://t.co/YNKdqbwqWX",jeffreymoro,Jeffrey Moro
Sat May 02 14:55:10 +0000 2015,5cdh newrigor,http://twitter.com/jeffreymoro/status/594515479592607746/photo/1,0,594515479592607746,2,Wang takes cues from Steve Reich's tape loops. @5collDH #5cdh #newrigor http://t.co/srCy3u5lfW,jeffreymoro,Jeffrey Moro
Sat May 02 14:54:37 +0000 2015,5cdh newrigor,,0,594515339712581632,2,"Next up Andrew Wang with ""Converging Loops:Using Digital Technology to Generate Dense Sound From Spare Materials."" @5collDH #5cdh #newrigor",jeffreymoro,Jeffrey Moro
Sat May 02 14:53:22 +0000 2015,5cdh newrigor,,2,594515026343534592,1,"Cade Johnson's ""Haraway's Basement"" follows the cyborg into darker territory  @5collDH #5cdh #newrigor",Yael_Rice,Yael Rice
Sat May 02 14:52:13 +0000 2015,5cdh newrigor cadejohnson,,1,594514738278719489,1,"Johnson: ""The basement - here are the memories that don't quite fit and were probably never meant to.""  #5cdh #newrigor #cadejohnson",sheishistoric,Emily Esten
Sat May 02 14:52:01 +0000 2015,5cdh newrigor,,0,594514687384899586,1,Johnson's final project takes the form of a @twinethreads game. @5collDH #5cdh #newrigor,jeffreymoro,Jeffrey Moro
Sat May 02 14:51:34 +0000 2015,newrigor 5cdh,http://twitter.com/jeffreymoro/status/594514574247895040/photo/1,1,594514574247895040,2,"Johnson: ""To follow the cyborg into the garish and disgusting."" @5collDH #newrigor #5cdh http://t.co/znUgSS54P3",jeffreymoro,Jeffrey Moro
Sat May 02 14:48:22 +0000 2015,5cdh newrigor,,1,594513767284768768,1,"Johnson: ""Queerness in women [in media] is inextricably tied to madness."" @5collDH #5cdh #newrigor",jeffreymoro,Jeffrey Moro
Sat May 02 14:45:32 +0000 2015,5cdh newrigor,,0,594513054483795969,2,Johnson: How will Twitter or Tumblr exist in a queer future? @5collDH #5cdh #newrigor,jeffreymoro,Jeffrey Moro
Sat May 02 14:44:19 +0000 2015,5cdh newrigor,,0,594512749520134144,1,"Johnson's project: to write the ""haunted historiography"" of queer media experiences. #5cdh #newrigor @5collDH",jeffreymoro,Jeffrey Moro
Sat May 02 14:42:09 +0000 2015,5cdh newrigor,,0,594512204579381248,2,"Johnson: ""A Google search for 'lesbian' opens into a near-labyrinth of possibility."" @5collDH #5cdh #newrigor",jeffreymoro,Jeffrey Moro
Sat May 02 14:40:42 +0000 2015,newrigor 5cdh,,1,594511840593469440,1,"Next up, Cade Johnson from @smithcollege with ""haraway's basement"" on the strange life of queer horror cinema @5collDH #newrigor #5cdh",jeffreymoro,Jeffrey Moro
Sat May 02 14:38:39 +0000 2015,newrigor 5cdh,,0,594511321699328000,2,"Pardo: ""Collaboration is absolutely key."" @5collDH #newrigor #5cdh",jeffreymoro,Jeffrey Moro
Sat May 02 14:36:49 +0000 2015,5cdh newrigor,,2,594510859809984512,1,"I love Pardo's project b/c of its elegant blend of scholarship, art, and activism. #5cdh #newrigor @5collDH",jeffreymoro,Jeffrey Moro
Sat May 02 14:36:01 +0000 2015,5cdh newrigor,http://twitter.com/jeffreymoro/status/594510658839937024/video/1,0,594510658839937024,1,Pardo's game in practice @5collDH #5cdh #newrigor http://t.co/nCT0onBJ1c,jeffreymoro,Jeffrey Moro
Sat May 02 14:33:18 +0000 2015,5cdh newrigor,,1,594509976481222657,2,"""Can a virtual reality game help people unlearn problematic behavior?"" Pardo's project reminds me of @criticalplay @5collDH #5cdh #newrigor",jeffreymoro,Jeffrey Moro
Sat May 02 14:32:43 +0000 2015,coralieprado 5cdh newrigor,,1,594509830078988289,1,Interesting breakdown of game developer/player objectives #coralieprado #5cdh #newrigor,sheishistoric,Emily Esten
Sat May 02 14:30:11 +0000 2015,NewRigor,http://twitter.com/5collDH/status/594509193891213313/photo/1,0,594509193891213313,0,.@AmherstCollege senior Craig Campbell presenting his digital humanities project at the @5collDh #NewRigor symposium http://t.co/QEDDJQoas7,5collDH,Five College DH
Sat May 02 14:30:08 +0000 2015,newrigor 5cdh,http://twitter.com/jeffreymoro/status/594509180939194369/photo/1,0,594509180939194369,3,Pardo's project directly in response to recent police and civilian killing of Black lives. @5collDH #newrigor #5cdh http://t.co/uJoQpq1B4i,jeffreymoro,Jeffrey Moro
Sat May 02 14:25:11 +0000 2015,5cDH NewRigor,,0,594507932697526272,2,"Campbell's work: ""Building an interface that coproduces *with* the images on display."" #5cDH #NewRigor @5collDH",jeffreymoro,Jeffrey Moro
Sat May 02 14:22:52 +0000 2015,dh newrigor 5cdh,,1,594507351362838530,1,(Smashing the window then becomes a potent metaphor for the work of #dh) @5collDH #newrigor #5cdh,jeffreymoro,Jeffrey Moro
Sat May 02 14:22:13 +0000 2015,5cDH NewRigor,,0,594507186459561984,1,Campbell making a conceptual link between the computer screen and microscope through the idea of a window. #5cDH #NewRigor @5collDH,jeffreymoro,Jeffrey Moro
Sat May 02 14:20:47 +0000 2015,5cdh newrigor,,0,594506825724203008,1,"Campbell ""Cyberspace is a space because we call the Internet a space where things happen."" #5cdh #newrigor @5collDH",jeffreymoro,Jeffrey Moro
Sat May 02 14:20:26 +0000 2015,Scalar 5cDH NewRigor,,0,594506739107667969,1,Campbell’s  @5colldh project uses #Scalar in its consideration of the movement of body and mind in cyberspace. #5cDH #NewRigor,5collDH,Five College DH
Sat May 02 14:19:18 +0000 2015,5cdh newrigor,http://twitter.com/jeffreymoro/status/594506454326992897/photo/1,1,594506454326992897,1,Campbell thinking through Anne Friedberg to conceptualize the screen as digital window. @5collDH #5cdh #newrigor http://t.co/Iv6Eo4byal,jeffreymoro,Jeffrey Moro
Sat May 02 14:18:04 +0000 2015,5cdh newrigor,http://twitter.com/jeffreymoro/status/594506143633899520/photo/1,0,594506143633899520,2,Campbell uses @anvcscalar to build his @5collDH project! #5cdh #newrigor http://t.co/nkdbS0SWIu,jeffreymoro,Jeffrey Moro
Sat May 02 14:17:12 +0000 2015,5cdh newrigor,,0,594505925446209536,1,"Campbell: ""The virtual disappears as it becomes actualized in physical space."" @5collDH #5cdh #newrigor",jeffreymoro,Jeffrey Moro
Sat May 02 14:16:11 +0000 2015,5cdh newrigor,,0,594505669237153792,1,"First up, Craig Campbell with ""Cruising the Virtual""! @AmherstCollege @5collDH #5cdh #newrigor",jeffreymoro,Jeffrey Moro
Sat May 02 14:13:50 +0000 2015,5cdh newrigor,,0,594505078402359296,3,".@amplify285: our Undergrad Fellows program is about ""empowering individual scholars"" @5collDH #5cdh #newrigor",jeffreymoro,Jeffrey Moro
Sat May 02 14:12:57 +0000 2015,5cdh newrigor,,0,594504853600215041,0,We're getting started with the Student Symposium! @5collDH #5cdh #newrigor,jeffreymoro,Jeffrey Moro
Sat May 02 14:00:01 +0000 2015,5cdh newrigor,,0,594501601651466240,0,#5cdh #newrigor @ Amherst College https://t.co/VG47pxfbEQ,sheishistoric,Emily Esten
Sat May 02 12:10:03 +0000 2015,NewRigor,,0,594473927990083585,0,"Juliana van Roggen of @UMassAmherst maps the iron streets of Pompeii in her undergrad DH proj

Today! ⇢ http://t.co/DiHFNdWy7q #NewRigor",5collDH,Five College DH
Sat May 02 11:45:09 +0000 2015,newrigor,,0,594467658147368960,0,"“Cyberspace: the dream of what the internet might allow.” √ fellow Craig Campbell’s DH proj.

Today! 10am ⇢ http://t.co/DiHFNdWy7q #newrigor",5collDH,Five College DH
Sat May 02 09:51:01 +0000 2015,OculusRift blacklivesmatter NewRigor,,3,594438936375754752,3,"DH fellow Coralie Pardo uses #OculusRift to explore #blacklivesmatter in her undergrad project 

TODAY! ⇢ http://t.co/DiHFNdEXfS  #NewRigor",5collDH,Five College DH
Sat May 02 02:20:00 +0000 2015,newrigor,http://twitter.com/jeffreymoro/status/594325436764659712/photo/1,2,594325436764659712,0,"guys i'm *so* ready for the @5collDH student symposium + #newrigor conference tomorrow, lemme tell you http://t.co/k3bJK8DtjC",jeffreymoro,Jeffrey Moro
Fri May 01 17:39:04 +0000 2015,newrigor,,0,594194340253044736,0,"“Cyberspace: the dream of what the internet might allow.” √ fellow Craig Campbell’s proj.

Sat 5/2 10am ⇢ http://t.co/DiHFNdWy7q #newrigor",5collDH,Five College DH
Fri May 01 15:48:05 +0000 2015,NewRigor,,0,594166408126300162,0,"Fellow Juliana's @5collDH proj maps Pompeii's ancient roads.

✓our Student Symposium: Sat 5/2 @ 10a ⇢ http://t.co/DiHFNdEXfS #NewRigor",5collDH,Five College DH